session_id,rep_id,rep_number,rep_start_time,rep_end_time,rep_duration_seconds,total_frames,valid_frames,frame_quality,final_form_score,safety_score,depth_score,stability_score,tempo_score,symmetry_score,technique_score,faults_detected,fault_categories,fault_severities,movement_phase_durations,peak_depth_angle,min_knee_angle,max_knee_angle,depth_percentage,movement_smoothness,bilateral_asymmetry,center_of_mass_deviation,postural_stability,voice_feedback_given,user_response_time,correction_made
session_20250829_174454_demo_user_001,session_20250829_174454_demo_user_001_rep_001,1,1756485894.8087406,1756485894.8087406,0.0,24,24,1.0,0,90,0,0,0,0,0,0,,,,74.5,74.5,141.4,74.33333333333334,61.59090909090909,2.0413486726003245,0.0,97.0,False,0,False
session_20250829_174454_demo_user_001,session_20250829_174454_demo_user_001_rep_002,2,1756485894.9132743,1756485894.9132743,0.0,24,24,1.0,0,93,0,0,0,0,0,0,,,,74.5,74.5,141.4,74.33333333333334,61.59090909090909,2.0413486726003245,0.0,97.0,False,0,False
session_20250829_174454_demo_user_001,session_20250829_174454_demo_user_001_rep_003,3,1756485895.014137,1756485895.014137,0.0,24,24,1.0,0,87,0,0,0,0,0,0,,,,74.5,74.5,141.4,74.33333333333334,61.59090909090909,2.0413486726003245,0.0,97.0,False,0,False
session_20250829_174454_demo_user_001,session_20250829_174454_demo_user_001_rep_004,4,1756485895.114748,1756485895.114748,0.0,24,24,1.0,0,95,0,0,0,0,0,0,,,,74.5,74.5,141.4,74.33333333333334,61.59090909090909,2.0413486726003245,0.0,96.4,False,0,False
session_20250829_174454_demo_user_001,session_20250829_174454_demo_user_001_rep_005,5,1756485895.2154171,1756485895.2154171,0.0,24,24,1.0,0,83,0,0,0,0,0,0,"K,N,E,E,_,C,A,V,E",,,74.5,74.5,141.4,74.33333333333334,61.59090909090909,2.0413486726003245,0.0,96.4,False,0,False
